{
  "shaped": [
    {
      "output": {
        "itemName": "minecraft:golden_apple",
        "isOreDictionary": false,
        "isWildcard": false,
        "damage": 0,
        "stackSize": 1
      },
      "recipe": [
        "GGG",
        "GAG",
        "GGG"
      ],
      "ingredients": {
        "A": {
          "itemName": "minecraft:apple",
          "isOreDictionary": false,
          "isWildcard": false,
          "damage": 0
        },
        "G": {
          "itemName": "minecraft:gold_ingot",
          "isOreDictionary": false,
          "isWildcard": false,
          "damage": 0
        }
      }
    },
    {
      "output": {
        "itemName": "minecraft:golden_apple",
        "isOreDictionary": false,
        "isWildcard": false,
        "damage": 1,
        "stackSize": 1
      },
      "recipe": [
        "###",
        "#A#",
        "###"
      ],
      "ingredients": {
        "A": {
          "itemName": "minecraft:apple",
          "isOreDictionary": false,
          "isWildcard": false,
          "damage": 0
        },
        "#": {
          "itemName": "minecraft:gold_block",
          "isOreDictionary": false,
          "isWildcard": false,
          "damage": 0
        }
      }
    },
    {
      "output": {
        "itemName": "minecraft:cake",
        "isOreDictionary": false,
        "isWildcard": false,
        "damage": 0,
        "stackSize": 1
      },
      "recipe": [
        "MMM",
        "SES",
        "WWW"
      ],
      "ingredients": {
        "S": {
          "itemName": "minecraft:sugar",
          "isOreDictionary": false,
          "isWildcard": false,
          "damage": 0
        },
        "E": {
          "itemName": "minecraft:egg",
          "isOreDictionary": false,
          "isWildcard": false,
          "damage": 0
        },
        "W": {
          "itemName": "cropWheat",
          "isOreDictionary": true,
          "isWildcard": false,
          "damage": 0
        },
        "M": {
          "itemName": "minecraft:milk_bucket",
          "isOreDictionary": false,
          "isWildcard": false,
          "damage": 0
        }
      }
    },
    {
      "output": {
        "itemName": "minecraft:bread",
        "isOreDictionary": false,
        "isWildcard": false,
        "damage": 0,
        "stackSize": 2
      },
      "recipe": [
        "WWW"
      ],
      "ingredients": {
        "W": {
          "itemName": "cropWheat",
          "isOreDictionary": true,
          "isWildcard": false,
          "damage": 0
        }
      }
    },
    {
      "output": {
        "itemName": "minecraft:cookie",
        "isOreDictionary": false,
        "isWildcard": false,
        "damage": 0,
        "stackSize": 8
      },
      "recipe": [
        "WCW"
      ],
      "ingredients": {
        "C": {
          "itemName": "minecraft:dye",
          "isOreDictionary": false,
          "isWildcard": false,
          "damage": 3
        },
        "W": {
          "itemName": "cropWheat",
          "isOreDictionary": true,
          "isWildcard": false,
          "damage": 0
        }
      }
    },
    {
      "output": {
        "itemName": "minecraft:rabbit_stew",
        "isOreDictionary": false,
        "isWildcard": false,
        "damage": 0,
        "stackSize": 1
      },
      "recipe": [
        " R ",
        "CPM",
        " B "
      ],
      "ingredients": {
        "P": {
          "itemName": "cropPotato",
          "isOreDictionary": true,
          "isWildcard": false,
          "damage": 0
        },
        "R": {
          "itemName": "minecraft:cooked_rabbit",
          "isOreDictionary": false,
          "isWildcard": false,
          "damage": 0
        },
        "B": {
          "itemName": "minecraft:bowl",
          "isOreDictionary": false,
          "isWildcard": false,
          "damage": 0
        },
        "C": {
          "itemName": "cropCarrot",
          "isOreDictionary": true,
          "isWildcard": false,
          "damage": 0
        },
        "M": {
          "itemName": "minecraft:brown_mushroom",
          "isOreDictionary": false,
          "isWildcard": false,
          "damage": 0
        }
      }
    },
    {
      "output": {
        "itemName": "minecraft:rabbit_stew",
        "isOreDictionary": false,
        "isWildcard": false,
        "damage": 0,
        "stackSize": 1
      },
      "recipe": [
        " R ",
        "CPM",
        " B "
      ],
      "ingredients": {
        "P": {
          "itemName": "cropPotato",
          "isOreDictionary": true,
          "isWildcard": false,
          "damage": 0
        },
        "R": {
          "itemName": "minecraft:cooked_rabbit",
          "isOreDictionary": false,
          "isWildcard": false,
          "damage": 0
        },
        "B": {
          "itemName": "minecraft:bowl",
          "isOreDictionary": false,
          "isWildcard": false,
          "damage": 0
        },
        "C": {
          "itemName": "cropCarrot",
          "isOreDictionary": true,
          "isWildcard": false,
          "damage": 0
        },
        "M": {
          "itemName": "minecraft:red_mushroom",
          "isOreDictionary": false,
          "isWildcard": false,
          "damage": 0
        }
      }
    },
    {
      "output": {
        "itemName": "betterbeginnings:marshmallow",
        "isOreDictionary": false,
        "isWildcard": false,
        "damage": 0,
        "stackSize": 3
      },
      "recipe": [
        " S ",
        "SSS",
        " S "
      ],
      "ingredients": {
        "S": {
          "itemName": "minecraft:sugar",
          "isOreDictionary": false,
          "isWildcard": false,
          "damage": 0
        }
      }
    }
  ],
  "shapeless": [
    {
      "output": {
        "itemName": "minecraft:mushroom_stew",
        "isOreDictionary": false,
        "isWildcard": false,
        "damage": 0,
        "stackSize": 1
      },
      "inputs": [
        {
          "itemName": "minecraft:brown_mushroom",
          "isOreDictionary": false,
          "isWildcard": false,
          "damage": 0
        },
        {
          "itemName": "minecraft:red_mushroom",
          "isOreDictionary": false,
          "isWildcard": false,
          "damage": 0
        },
        {
          "itemName": "minecraft:bowl",
          "isOreDictionary": false,
          "isWildcard": false,
          "damage": 0
        }
      ]
    },
    {
      "output": {
        "itemName": "minecraft:cooked_beef",
        "isOreDictionary": false,
        "isWildcard": false,
        "damage": 0,
        "stackSize": 1
      },
      "inputs": [
        {
          "itemName": "minecraft:beef",
          "isOreDictionary": false,
          "isWildcard": false,
          "damage": 0
        }
      ]
    },
    {
      "output": {
        "itemName": "minecraft:cooked_porkchop",
        "isOreDictionary": false,
        "isWildcard": false,
        "damage": 0,
        "stackSize": 1
      },
      "inputs": [
        {
          "itemName": "minecraft:porkchop",
          "isOreDictionary": false,
          "isWildcard": false,
          "damage": 0
        }
      ]
    },
    {
      "output": {
        "itemName": "minecraft:cooked_chicken",
        "isOreDictionary": false,
        "isWildcard": false,
        "damage": 0,
        "stackSize": 1
      },
      "inputs": [
        {
          "itemName": "minecraft:chicken",
          "isOreDictionary": false,
          "isWildcard": false,
          "damage": 0
        }
      ]
    },
    {
      "output": {
        "itemName": "minecraft:cooked_fish",
        "isOreDictionary": false,
        "isWildcard": false,
        "damage": 0,
        "stackSize": 1
      },
      "inputs": [
        {
          "itemName": "minecraft:fish",
          "isOreDictionary": false,
          "isWildcard": false,
          "damage": 0
        }
      ]
    },
    {
      "output": {
        "itemName": "minecraft:cooked_fish",
        "isOreDictionary": false,
        "isWildcard": false,
        "damage": 1,
        "stackSize": 1
      },
      "inputs": [
        {
          "itemName": "minecraft:fish",
          "isOreDictionary": false,
          "isWildcard": false,
          "damage": 1
        }
      ]
    },
    {
      "output": {
        "itemName": "minecraft:cooked_rabbit",
        "isOreDictionary": false,
        "isWildcard": false,
        "damage": 0,
        "stackSize": 1
      },
      "inputs": [
        {
          "itemName": "minecraft:rabbit",
          "isOreDictionary": false,
          "isWildcard": false,
          "damage": 0
        }
      ]
    },
    {
      "output": {
        "itemName": "minecraft:cooked_mutton",
        "isOreDictionary": false,
        "isWildcard": false,
        "damage": 0,
        "stackSize": 1
      },
      "inputs": [
        {
          "itemName": "minecraft:mutton",
          "isOreDictionary": false,
          "isWildcard": false,
          "damage": 0
        }
      ]
    },
    {
      "output": {
        "itemName": "minecraft:baked_potato",
        "isOreDictionary": false,
        "isWildcard": false,
        "damage": 0,
        "stackSize": 1
      },
      "inputs": [
        {
          "itemName": "cropPotato",
          "isOreDictionary": true,
          "isWildcard": false,
          "damage": 0
        }
      ]
    },
    {
      "output": {
        "itemName": "minecraft:pumpkin_pie",
        "isOreDictionary": false,
        "isWildcard": false,
        "damage": 0,
        "stackSize": 1
      },
      "inputs": [
        {
          "itemName": "minecraft:egg",
          "isOreDictionary": false,
          "isWildcard": false,
          "damage": 0
        },
        {
          "itemName": "minecraft:sugar",
          "isOreDictionary": false,
          "isWildcard": false,
          "damage": 0
        },
        {
          "itemName": "minecraft:pumpkin",
          "isOreDictionary": false,
          "isWildcard": false,
          "damage": 0
        }
      ]
    },
    {
      "output": {
        "itemName": "minecraft:fermented_spider_eye",
        "isOreDictionary": false,
        "isWildcard": false,
        "damage": 0,
        "stackSize": 1
      },
      "inputs": [
        {
          "itemName": "minecraft:spider_eye",
          "isOreDictionary": false,
          "isWildcard": false,
          "damage": 0
        },
        {
          "itemName": "minecraft:sugar",
          "isOreDictionary": false,
          "isWildcard": false,
          "damage": 0
        },
        {
          "itemName": "minecraft:brown_mushroom",
          "isOreDictionary": false,
          "isWildcard": false,
          "damage": 0
        }
      ]
    },
    {
      "output": {
        "itemName": "minecraft:magma_cream",
        "isOreDictionary": false,
        "isWildcard": false,
        "damage": 0,
        "stackSize": 1
      },
      "inputs": [
        {
          "itemName": "minecraft:slime_ball",
          "isOreDictionary": false,
          "isWildcard": false,
          "damage": 0
        },
        {
          "itemName": "minecraft:blaze_powder",
          "isOreDictionary": false,
          "isWildcard": false,
          "damage": 0
        }
      ]
    }
  ],
  "includes": [],
  "modDependencies": [],
  "version": 1
}