{
  "craftingRemoved": [
    {
      "removedItem": {
        "itemName": "minecraft:barrier",
        "isOreDictionary": false,
        "isWildcard": false,
        "damage": 0
      }
    }
  ],
  "smeltingRemoved": [
    {
      "removedItem": {
        "itemName": "betterbeginnings:testItem",
        "isOreDictionary": false,
        "isWildcard": false,
        "damage": 0
      }
    }
  ],
  "includes": [],
  "modDependencies": [],
  "__COMMENT": "Add items whose recipes you want to remove above. This does not affect recipes removed by BetterBeginnings through regular config. Some examples are provided above (both of which have no recipe already)."
}