{
  "boosters": [
    {
      "boosterItem": {
        "itemName": "minecraft:gravel",
        "isOreDictionary": false,
        "isWildcard": false,
        "damage": 0
      },
      "boostAmount": 0.0
    },
    {
      "boosterItem": {
        "itemName": "minecraft:soul_sand",
        "isOreDictionary": false,
        "isWildcard": false,
        "damage": 0
      },
      "boostAmount": 0.3
    },
    {
      "boosterItem": {
        "itemName": "minecraft:quartz",
        "isOreDictionary": false,
        "isWildcard": false,
        "damage": 0
      },
      "boostAmount": 1.0
    },
    {
      "boosterItem": {
        "itemName": "minecraft:prismarine_shard",
        "isOreDictionary": false,
        "isWildcard": false,
        "damage": 0
      },
      "boostAmount": 1.5
    }
  ],
  "includes": [],
  "modDependencies": [],
  "version": 1
}