{
  "recipes": [
    {
      "input": {
        "itemName": "oreIron",
        "isOreDictionary": true,
        "isWildcard": false,
        "damage": 0
      },
      "output": {
        "itemName": "minecraft:iron_ingot",
        "isOreDictionary": false,
        "isWildcard": false,
        "damage": 0,
        "stackSize": 1
      },
      "experience": 0.7,
      "boosterCount": 1,
      "bonusPerBoostLevel": 1
    },
    {
      "input": {
        "itemName": "oreGold",
        "isOreDictionary": true,
        "isWildcard": false,
        "damage": 0
      },
      "output": {
        "itemName": "minecraft:gold_ingot",
        "isOreDictionary": false,
        "isWildcard": false,
        "damage": 0,
        "stackSize": 1
      },
      "experience": 1.0,
      "boosterCount": 2,
      "bonusPerBoostLevel": 1
    },
    {
      "input": {
        "itemName": "abyssalcraft:abycopore",
        "isOreDictionary": false,
        "isWildcard": false,
        "damage": 0
      },
      "output": {
        "itemName": "abyssalcraft:copperingot",
        "isOreDictionary": false,
        "isWildcard": false,
        "damage": 0,
        "stackSize": 1
      },
      "experience": 0.6,
      "boosterCount": 1,
      "bonusPerBoostLevel": 1
    },
    {
      "input": {
        "itemName": "immersiveengineering:ore",
        "isOreDictionary": false,
        "isWildcard": false,
        "damage": 0
      },
      "output": {
        "itemName": "abyssalcraft:copperingot",
        "isOreDictionary": false,
        "isWildcard": false,
        "damage": 0,
        "stackSize": 1
      },
      "experience": 0.6,
      "boosterCount": 1,
      "bonusPerBoostLevel": 1
    },
    {
      "input": {
        "itemName": "abyssalcraft:abytinore",
        "isOreDictionary": false,
        "isWildcard": false,
        "damage": 0
      },
      "output": {
        "itemName": "abyssalcraft:tiningot",
        "isOreDictionary": false,
        "isWildcard": false,
        "damage": 0,
        "stackSize": 1
      },
      "experience": 0.6,
      "boosterCount": 1,
      "bonusPerBoostLevel": 1
    },
    {
      "input": {
        "itemName": "immersiveengineering:ore",
        "isOreDictionary": false,
        "isWildcard": false,
        "damage": 1
      },
      "output": {
        "itemName": "immersiveengineering:metal",
        "isOreDictionary": false,
        "isWildcard": false,
        "damage": 1,
        "stackSize": 1
      },
      "experience": 0.8,
      "boosterCount": 1,
      "bonusPerBoostLevel": 1
    },
    {
      "input": {
        "itemName": "immersiveengineering:ore",
        "isOreDictionary": false,
        "isWildcard": false,
        "damage": 3
      },
      "output": {
        "itemName": "immersiveengineering:metal",
        "isOreDictionary": false,
        "isWildcard": false,
        "damage": 3,
        "stackSize": 1
      },
      "experience": 1.0,
      "boosterCount": 1,
      "bonusPerBoostLevel": 1
    },
    {
      "input": {
        "itemName": "immersiveengineering:ore",
        "isOreDictionary": false,
        "isWildcard": false,
        "damage": 2
      },
      "output": {
        "itemName": "immersiveengineering:metal",
        "isOreDictionary": false,
        "isWildcard": false,
        "damage": 2,
        "stackSize": 1
      },
      "experience": 0.6,
      "boosterCount": 1,
      "bonusPerBoostLevel": 1
    },
    {
      "input": {
        "itemName": "immersiveengineering:ore",
        "isOreDictionary": false,
        "isWildcard": false,
        "damage": 4
      },
      "output": {
        "itemName": "immersiveengineering:metal",
        "isOreDictionary": false,
        "isWildcard": false,
        "damage": 4,
        "stackSize": 1
      },
      "experience": 0.8,
      "boosterCount": 1,
      "bonusPerBoostLevel": 1
    },
    {
      "input": {
        "itemName": "oreCoal",
        "isOreDictionary": true,
        "isWildcard": false,
        "damage": 0
      },
      "output": {
        "itemName": "minecraft:coal",
        "isOreDictionary": false,
        "isWildcard": false,
        "damage": 0,
        "stackSize": 1
      },
      "experience": 0.25,
      "boosterCount": 2,
      "bonusPerBoostLevel": 1
    },
    {
      "input": {
        "itemName": "oreQuartz",
        "isOreDictionary": true,
        "isWildcard": false,
        "damage": 0
      },
      "output": {
        "itemName": "minecraft:quartz",
        "isOreDictionary": false,
        "isWildcard": false,
        "damage": 0,
        "stackSize": 2
      },
      "experience": 0.4,
      "boosterCount": 2,
      "bonusPerBoostLevel": 2
    },
    {
      "input": {
        "itemName": "oreLapis",
        "isOreDictionary": true,
        "isWildcard": false,
        "damage": 0
      },
      "output": {
        "itemName": "minecraft:dye",
        "isOreDictionary": false,
        "isWildcard": false,
        "damage": 4,
        "stackSize": 8
      },
      "experience": 0.5,
      "boosterCount": 2,
      "bonusPerBoostLevel": 3
    },
    {
      "input": {
        "itemName": "oreRedstone",
        "isOreDictionary": true,
        "isWildcard": false,
        "damage": 0
      },
      "output": {
        "itemName": "minecraft:redstone",
        "isOreDictionary": false,
        "isWildcard": false,
        "damage": 0,
        "stackSize": 4
      },
      "experience": 0.8,
      "boosterCount": 2,
      "bonusPerBoostLevel": 2
    },
    {
      "input": {
        "itemName": "oreDiamond",
        "isOreDictionary": true,
        "isWildcard": false,
        "damage": 0
      },
      "output": {
        "itemName": "minecraft:diamond",
        "isOreDictionary": false,
        "isWildcard": false,
        "damage": 0,
        "stackSize": 1
      },
      "experience": 1.0,
      "boosterCount": 3,
      "bonusPerBoostLevel": 1
    },
    {
      "input": {
        "itemName": "oreEmerald",
        "isOreDictionary": true,
        "isWildcard": false,
        "damage": 0
      },
      "output": {
        "itemName": "minecraft:emerald",
        "isOreDictionary": false,
        "isWildcard": false,
        "damage": 0,
        "stackSize": 1
      },
      "experience": 1.0,
      "boosterCount": 3,
      "bonusPerBoostLevel": 1
    }
  ],
  "includes": [],
  "modDependencies": [],
  "version": 1
}